-- =============================================
-- 锦程酒店运营管理系统 - 完整测试数据
-- 每个业务表至少20条数据，覆盖所有页面
-- =============================================

USE jchotel;

SET FOREIGN_KEY_CHECKS = 0;
SET NAMES utf8mb4;

-- 清空业务表数据（保留表结构）
TRUNCATE TABLE t_room_change_log;
TRUNCATE TABLE t_invoice;
TRUNCATE TABLE t_maintenance_order;
TRUNCATE TABLE t_cleaning_task;
TRUNCATE TABLE t_order_item;
TRUNCATE TABLE t_payment;
TRUNCATE TABLE t_operation_log;
TRUNCATE TABLE t_order;
TRUNCATE TABLE t_customer;
TRUNCATE TABLE t_room;
TRUNCATE TABLE t_charge_item;
TRUNCATE TABLE t_room_type;
TRUNCATE TABLE sys_user;

SET FOREIGN_KEY_CHECKS = 1;

-- =============================================
-- 1. 系统用户表 sys_user (25条)
-- 密码统一为 123456 (BCrypt: $2a$10$N.zmdr9k7uOCQb376NoUnuTJ8iAt6Z5EHsM8lE9lBOsl7iKTVKIUi)
-- =============================================
INSERT INTO sys_user (username, password, real_name, role, status, login_fail_count, create_time) VALUES
('admin', '$2a$10$N.zmdr9k7uOCQb376NoUnuTJ8iAt6Z5EHsM8lE9lBOsl7iKTVKIUi', '张管理员', 'admin', 1, 0, '2025-01-01 09:00:00'),
('manager', '$2a$10$N.zmdr9k7uOCQb376NoUnuTJ8iAt6Z5EHsM8lE9lBOsl7iKTVKIUi', '李经理', 'manager', 1, 0, '2025-01-02 09:00:00'),
('front01', '$2a$10$N.zmdr9k7uOCQb376NoUnuTJ8iAt6Z5EHsM8lE9lBOsl7iKTVKIUi', '王小丽', 'receptionist', 1, 0, '2025-01-03 09:00:00'),
('front02', '$2a$10$N.zmdr9k7uOCQb376NoUnuTJ8iAt6Z5EHsM8lE9lBOsl7iKTVKIUi', '陈小红', 'receptionist', 1, 0, '2025-01-04 09:00:00'),
('front03', '$2a$10$N.zmdr9k7uOCQb376NoUnuTJ8iAt6Z5EHsM8lE9lBOsl7iKTVKIUi', '刘小美', 'receptionist', 1, 0, '2025-01-05 09:00:00'),
('house01', '$2a$10$N.zmdr9k7uOCQb376NoUnuTJ8iAt6Z5EHsM8lE9lBOsl7iKTVKIUi', '赵保洁', 'housekeeping', 1, 0, '2025-01-06 09:00:00'),
('house02', '$2a$10$N.zmdr9k7uOCQb376NoUnuTJ8iAt6Z5EHsM8lE9lBOsl7iKTVKIUi', '孙阿姨', 'housekeeping', 1, 0, '2025-01-07 09:00:00'),
('house03', '$2a$10$N.zmdr9k7uOCQb376NoUnuTJ8iAt6Z5EHsM8lE9lBOsl7iKTVKIUi', '周大姐', 'housekeeping', 1, 0, '2025-01-08 09:00:00'),
('house04', '$2a$10$N.zmdr9k7uOCQb376NoUnuTJ8iAt6Z5EHsM8lE9lBOsl7iKTVKIUi', '吴阿姨', 'housekeeping', 1, 0, '2025-01-09 09:00:00'),
('eng01', '$2a$10$N.zmdr9k7uOCQb376NoUnuTJ8iAt6Z5EHsM8lE9lBOsl7iKTVKIUi', '郑工程', 'engineering', 1, 0, '2025-01-10 09:00:00'),
('eng02', '$2a$10$N.zmdr9k7uOCQb376NoUnuTJ8iAt6Z5EHsM8lE9lBOsl7iKTVKIUi', '王师傅', 'engineering', 1, 0, '2025-01-11 09:00:00'),
('eng03', '$2a$10$N.zmdr9k7uOCQb376NoUnuTJ8iAt6Z5EHsM8lE9lBOsl7iKTVKIUi', '李工', 'engineering', 1, 0, '2025-01-12 09:00:00'),
('front04', '$2a$10$N.zmdr9k7uOCQb376NoUnuTJ8iAt6Z5EHsM8lE9lBOsl7iKTVKIUi', '张小芳', 'receptionist', 1, 0, '2025-02-01 09:00:00'),
('front05', '$2a$10$N.zmdr9k7uOCQb376NoUnuTJ8iAt6Z5EHsM8lE9lBOsl7iKTVKIUi', '林小雨', 'receptionist', 1, 0, '2025-02-05 09:00:00'),
('house05', '$2a$10$N.zmdr9k7uOCQb376NoUnuTJ8iAt6Z5EHsM8lE9lBOsl7iKTVKIUi', '钱阿姨', 'housekeeping', 1, 0, '2025-02-10 09:00:00'),
('manager2', '$2a$10$N.zmdr9k7uOCQb376NoUnuTJ8iAt6Z5EHsM8lE9lBOsl7iKTVKIUi', '黄副总', 'manager', 1, 0, '2025-02-15 09:00:00'),
('disabled1', '$2a$10$N.zmdr9k7uOCQb376NoUnuTJ8iAt6Z5EHsM8lE9lBOsl7iKTVKIUi', '离职员工', 'receptionist', 0, 0, '2025-01-20 09:00:00'),
('locked1', '$2a$10$N.zmdr9k7uOCQb376NoUnuTJ8iAt6Z5EHsM8lE9lBOsl7iKTVKIUi', '锁定账号', 'receptionist', 1, 5, '2025-03-01 09:00:00'),
('front06', '$2a$10$N.zmdr9k7uOCQb376NoUnuTJ8iAt6Z5EHsM8lE9lBOsl7iKTVKIUi', '徐小燕', 'receptionist', 1, 0, '2025-03-05 09:00:00'),
('house06', '$2a$10$N.zmdr9k7uOCQb376NoUnuTJ8iAt6Z5EHsM8lE9lBOsl7iKTVKIUi', '冯阿姨', 'housekeeping', 1, 0, '2025-03-10 09:00:00'),
('eng04', '$2a$10$N.zmdr9k7uOCQb376NoUnuTJ8iAt6Z5EHsM8lE9lBOsl7iKTVKIUi', '陈师傅', 'engineering', 1, 0, '2025-03-15 09:00:00'),
('admin2', '$2a$10$N.zmdr9k7uOCQb376NoUnuTJ8iAt6Z5EHsM8lE9lBOsl7iKTVKIUi', '超管账号', 'admin', 1, 0, '2025-03-20 09:00:00'),
('front07', '$2a$10$N.zmdr9k7uOCQb376NoUnuTJ8iAt6Z5EHsM8lE9lBOsl7iKTVKIUi', '曹小琴', 'receptionist', 1, 0, '2025-04-01 09:00:00'),
('house07', '$2a$10$N.zmdr9k7uOCQb376NoUnuTJ8iAt6Z5EHsM8lE9lBOsl7iKTVKIUi', '韩保洁', 'housekeeping', 1, 0, '2025-04-05 09:00:00'),
('eng05', '$2a$10$N.zmdr9k7uOCQb376NoUnuTJ8iAt6Z5EHsM8lE9lBOsl7iKTVKIUi', '杨工', 'engineering', 1, 0, '2025-04-10 09:00:00');

-- =============================================
-- 2. 房型表 t_room_type (8种房型)
-- =============================================
INSERT INTO t_room_type (id, name, bed_type, capacity, weekend_price, member_price, description, facilities) VALUES
(1, '经济单人间', '单人床 1.2m', 1, 208.00, 168.00, '经济实惠的单人房间，适合商务出差短途入住', 'Wifi,空调,电视,淋浴'),
(2, '标准双床房', '单人床 1.2m × 2', 2, 298.00, 248.00, '标准双床配置，适合同事或朋友出行', 'Wifi,空调,电视,淋浴,窗户,书桌'),
(3, '商务大床房', '大床 1.5m', 2, 368.00, 298.00, '商务大床房，配备办公桌椅', 'Wifi,空调,电视,淋浴,窗户,书桌,迷你吧'),
(4, '豪华大床房', '大床 1.8m', 2, 498.00, 408.00, '宽敞豪华大床房，高品质装修', 'Wifi,空调,电视,浴缸,窗户,迷你吧,沙发'),
(5, '行政套房', '大床 1.8m + 客厅', 3, 728.00, 598.00, '行政套房，独立客厅区域，适合商务接待', 'Wifi,空调,电视,浴缸,窗户,迷你吧,早餐,会客区'),
(6, '家庭房', '大床 1.8m + 单人床 1.2m', 3, 558.00, 458.00, '家庭出行首选，一张大床加一张小床', 'Wifi,空调,电视,淋浴,窗户,儿童用品'),
(7, '总统套房', '大床 2.0m + 大客厅', 4, 1288.00, 1088.00, '顶级总统套房，奢华体验', 'Wifi,空调,电视,按摩浴缸,全景窗,迷你吧,早餐,管家服务'),
(8, '钟点房', '大床 1.5m', 2, NULL, NULL, '钟点休息房，3小时起', 'Wifi,空调,电视,淋浴');

-- =============================================
-- 3. 收费项目字典 t_charge_item (25条)
-- =============================================
INSERT INTO t_charge_item (name, category, price, unit, status, sort) VALUES
('可口可乐', 'mini_bar', 8.00, '瓶', 1, 1),
('雪碧', 'mini_bar', 8.00, '瓶', 1, 2),
('农夫山泉', 'mini_bar', 5.00, '瓶', 1, 3),
('红牛', 'mini_bar', 12.00, '罐', 1, 4),
('康师傅方便面', 'mini_bar', 10.00, '桶', 1, 5),
('青岛啤酒', 'mini_bar', 15.00, '瓶', 1, 6),
('百威啤酒', 'mini_bar', 18.00, '瓶', 1, 7),
('雀巢咖啡', 'mini_bar', 10.00, '瓶', 1, 8),
('奥利奥饼干', 'mini_bar', 12.00, '包', 1, 9),
('德芙巧克力', 'mini_bar', 18.00, '块', 1, 10),
('洗衣-衬衫', 'laundry', 20.00, '件', 1, 20),
('洗衣-T恤', 'laundry', 15.00, '件', 1, 21),
('洗衣-裤子', 'laundry', 25.00, '件', 1, 22),
('洗衣-外套', 'laundry', 35.00, '件', 1, 23),
('洗衣-西装', 'laundry', 50.00, '套', 1, 24),
('干洗-大衣', 'laundry', 60.00, '件', 1, 25),
('自助早餐', 'food', 38.00, '份', 1, 30),
('商务午餐', 'food', 58.00, '份', 1, 31),
('自助晚餐', 'food', 88.00, '份', 1, 32),
('夜宵送餐', 'food', 45.00, '份', 1, 33),
('茶杯损坏', 'damage', 30.00, '个', 1, 50),
('毛巾赔偿', 'damage', 50.00, '条', 1, 51),
('床单污染', 'damage', 100.00, '张', 1, 52),
('遥控器损坏', 'damage', 80.00, '个', 1, 53),
('叫醒服务', 'other', 0.00, '次', 1, 60);

-- =============================================
-- 4. 客房表 t_room (40间，5层楼)
-- =============================================
INSERT INTO t_room (id, room_no, type_id, floor, price, status, remark) VALUES
(1, '101', 1, 1, 188.00, 'occupied', '当前在住'),
(2, '102', 1, 1, 188.00, 'occupied', '当前在住'),
(3, '103', 2, 1, 268.00, 'reserved', '已预约'),
(4, '104', 2, 1, 268.00, 'dirty', '刚退房待打扫'),
(5, '105', 3, 1, 328.00, 'idle', ''),
(6, '106', 3, 1, 328.00, 'idle', ''),
(7, '107', 8, 1, 128.00, 'idle', '钟点房'),
(8, '108', 8, 1, 128.00, 'reserved', '已预约钟点房'),
(9, '201', 1, 2, 198.00, 'reserved', '已预约'),
(10, '202', 2, 2, 288.00, 'occupied', '当前在住'),
(11, '203', 2, 2, 288.00, 'reserved', '已预约'),
(12, '204', 3, 2, 348.00, 'idle', ''),
(13, '205', 3, 2, 348.00, 'maintenance', '空调维修'),
(14, '206', 4, 2, 428.00, 'idle', ''),
(15, '207', 4, 2, 428.00, 'occupied', '当前在住'),
(16, '208', 6, 2, 468.00, 'idle', '家庭房'),
(17, '301', 1, 3, 208.00, 'idle', ''),
(18, '302', 2, 3, 308.00, 'occupied', '当前在住'),
(19, '303', 2, 3, 308.00, 'idle', ''),
(20, '304', 3, 3, 368.00, 'dirty', 'VIP退房待清扫'),
(21, '305', 3, 3, 368.00, 'idle', ''),
(22, '306', 4, 3, 458.00, 'occupied', '当前在住'),
(23, '307', 4, 3, 458.00, 'occupied', '当前在住'),
(24, '308', 6, 3, 498.00, 'reserved', '已预约家庭房'),
(25, '401', 2, 4, 328.00, 'idle', ''),
(26, '402', 3, 4, 388.00, 'occupied', '当前在住'),
(27, '403', 4, 4, 488.00, 'idle', ''),
(28, '404', 4, 4, 488.00, 'idle', ''),
(29, '405', 5, 4, 628.00, 'idle', '行政套房'),
(30, '406', 5, 4, 628.00, 'occupied', '当前在住'),
(31, '407', 6, 4, 528.00, 'idle', '家庭房'),
(32, '408', 6, 4, 528.00, 'maintenance', '卫生间漏水'),
(33, '501', 3, 5, 408.00, 'idle', '豪华楼层'),
(34, '502', 4, 5, 518.00, 'occupied', '当前在住'),
(35, '503', 5, 5, 688.00, 'idle', '行政套房'),
(36, '504', 5, 5, 688.00, 'idle', ''),
(37, '505', 7, 5, 1188.00, 'idle', '总统套房'),
(38, '506', 7, 5, 1188.00, 'maintenance', '地板保养'),
(39, '507', 4, 5, 518.00, 'dirty', 'VIP退房待清扫'),
(40, '508', 6, 5, 558.00, 'idle', '家庭房');

-- =============================================
-- 5. 客户表 t_customer (30条，覆盖各VIP等级、黑名单、生日等)
-- =============================================
INSERT INTO t_customer (id, name, phone, id_card, gender, vip_level, tags, is_blacklist, blacklist_reason, birthday, total_spent, last_stay_time, remark, check_in_count, create_time) VALUES
(1, '张伟', '13800138001', '110101199001011234', 'M', 2, '常客,高楼层偏好', 0, NULL, '1990-01-15', 15600.00, '2026-07-05 14:00:00', '金卡会员，商务出差多', 12, '2025-01-10 10:00:00'),
(2, '李娜', '13900139002', '110102199203034567', 'F', 3, 'VIP,钻石卡,需水果', 0, NULL, '1992-03-20', 38800.00, '2026-07-08 12:00:00', '钻石卡会员，每次入住需准备欢迎水果', 28, '2025-01-15 10:00:00'),
(3, '王强', '13700137003', '110103198805056789', 'M', 0, '', 0, NULL, '1988-05-10', 376.00, '2025-06-15 14:00:00', '首次入住散客', 1, '2025-06-10 10:00:00'),
(4, '刘洋', '13600136004', '110104199507078901', 'M', 1, '商务客,需发票', 0, NULL, '1995-07-25', 3200.00, '2026-07-01 11:00:00', '银卡会员，常开发票', 5, '2025-03-20 10:00:00'),
(5, '陈静', '13500135005', '110105199309091234', 'F', 0, '', 0, NULL, '1993-09-18', 688.00, '2026-06-20 15:00:00', '旅游客', 2, '2025-08-15 10:00:00'),
(6, '赵磊', '13400134006', '110106198711112345', 'M', 2, '金卡,长住客', 0, NULL, '1987-11-30', 22500.00, '2026-07-10 09:00:00', '金卡会员，经常长住', 18, '2025-02-01 10:00:00'),
(7, '孙丽', '13300133007', '110107199401013456', 'F', 1, '安静房间', 0, NULL, '1994-01-08', 1800.00, '2026-05-10 14:00:00', '需要安静的房间', 3, '2025-04-10 10:00:00'),
(8, '周杰', '13200132008', '110108199008084567', 'M', 3, '钻石,套房偏好', 0, NULL, '1990-08-12', 45000.00, '2026-07-09 18:00:00', '钻石会员，只住套房', 35, '2025-01-20 10:00:00'),
(9, '吴敏', '13100131009', '310101199602025678', 'F', 0, '', 1, '吸烟烫坏床单，态度恶劣', '1996-02-14', 1500.00, '2025-12-10 12:00:00', '黑名单客户', 3, '2025-09-01 10:00:00'),
(10, '郑涛', '13000130010', '310102198912126789', 'M', 1, '商务客', 0, NULL, '1989-12-25', 4500.00, '2026-06-28 10:00:00', 'IT公司常驻', 7, '2025-05-15 10:00:00'),
(11, '黄芳', '15800158011', '440101199104047890', 'F', 0, '', 0, NULL, '1991-04-22', 960.00, '2026-04-05 16:00:00', '旅游度假', 2, '2025-07-20 10:00:00'),
(12, '马超', '15900159012', '440102198606068901', 'M', 0, '', 0, NULL, '1986-06-18', 428.00, '2025-10-08 11:00:00', '过路客', 1, '2025-10-05 10:00:00'),
(13, '朱婷', '18800188013', '330101199707079012', 'F', 2, '金卡,延迟退房', 0, NULL, '1997-07-07', 18600.00, '2026-07-07 15:00:00', '金卡会员，常要求延迟退房', 15, '2025-03-10 10:00:00'),
(14, '胡军', '18700187014', '330102198509090123', 'M', 1, '含早餐', 0, NULL, '1985-09-03', 2800.00, '2026-06-15 09:00:00', '每次都含早餐', 4, '2025-06-20 10:00:00'),
(15, '林秀', '18600186015', '320101199801011234', 'F', 0, '', 0, NULL, '1998-01-28', 268.00, '2026-01-20 13:00:00', '学生', 1, '2026-01-18 10:00:00'),
(16, '徐明', '18500185016', '320102199203032345', 'M', 0, '', 0, NULL, '1992-03-15', 1280.00, '2026-03-12 14:00:00', '看房客', 3, '2025-11-10 10:00:00'),
(17, '何红', '18900189017', '510101199405053456', 'F', 3, '钻石,VIP接待', 0, NULL, '1994-05-20', 52000.00, '2026-07-10 20:00:00', '钻石卡，公司协议客户', 42, '2024-12-01 10:00:00'),
(18, '高峰', '18000180018', '510102198808084567', 'M', 2, '金卡,无烟房', 0, NULL, '1988-08-08', 12800.00, '2026-06-01 12:00:00', '要求无烟房', 10, '2025-04-01 10:00:00'),
(19, '罗琳', '18100181019', '500101199510105678', 'F', 1, '家庭出行', 0, NULL, '1995-10-31', 3600.00, '2026-05-20 11:00:00', '带孩子入住家庭房', 5, '2025-08-08 10:00:00'),
(20, '梁志', '18200182020', '500102198712126789', 'M', 0, '', 1, '损坏电视拒赔', '1987-12-01', 3500.00, '2025-11-20 08:00:00', '黑名单', 4, '2025-07-15 10:00:00'),
(21, '宋雪', '18300183021', '120101199602027890', 'F', 0, '', 0, NULL, '1996-02-29', 688.00, '2026-02-14 17:00:00', '情人节入住', 2, '2026-02-10 10:00:00'),
(22, '谢刚', '18400184022', '120102199004048901', 'M', 1, '钟点房常客', 0, NULL, '1990-04-05', 640.00, '2026-06-30 15:00:00', '经常开钟点房休息', 5, '2025-12-20 10:00:00'),
(23, '韩梅', '17700177023', '210101199306069012', 'F', 2, '金卡,化妆镜', 0, NULL, '1993-06-16', 9600.00, '2026-06-25 14:00:00', '需要额外化妆镜', 8, '2025-05-01 10:00:00'),
(24, '冯强', '17600176024', '210102198608080123', 'M', 0, '', 0, NULL, '1986-08-19', 588.00, '2025-09-25 12:00:00', '面试暂住', 1, '2025-09-24 10:00:00'),
(25, '邓丽', '17500175025', '610101199711111234', 'F', 0, '', 0, NULL, '1997-11-11', 456.00, '2026-04-18 10:00:00', '考试入住', 1, '2026-04-17 10:00:00'),
(26, '曹鑫', '17800178026', '610102198901012345', 'M', 1, '协议客,某某科技', 0, NULL, '1989-01-22', 6800.00, '2026-07-03 09:00:00', '某某科技公司协议客户', 9, '2025-03-25 10:00:00'),
(27, '彭霞', '17300173027', '620101199403033456', 'F', 0, '', 0, NULL, '1994-03-08', 828.00, '2026-05-05 16:00:00', '出差', 2, '2025-10-20 10:00:00'),
(28, '曾勇', '17200172028', '620102199105054567', 'M', 2, '金卡,高楼层,南向', 0, NULL, '1991-05-14', 11200.00, '2026-06-20 13:00:00', '要求朝南高楼层', 9, '2025-02-14 10:00:00'),
(29, '萧雅', '17100171029', '130101199807075678', 'F', 0, '', 0, NULL, '1998-07-27', 328.00, '2026-03-08 11:00:00', '三八节活动', 1, '2026-03-07 10:00:00'),
(30, '田力', '17000170030', '130102198409096789', 'M', 3, '钻石,总统套房', 0, NULL, '1984-09-09', 68000.00, '2026-07-06 17:00:00', '钻石会员，偶尔入住总统套房', 15, '2024-11-11 10:00:00');

-- =============================================
-- 6. 订单表 t_order (共50条：已退房30条、已入住10条、待入住7条、已取消3条)
-- =============================================
-- 已退房历史订单 (checkedOut, 6月份)
INSERT INTO t_order (id, order_no, customer_id, room_id, user_id, check_in_time, expected_check_out_time, actual_check_out_time, deposit, deposit_refunded, room_amount, extra_amount, total_amount, room_changed, original_room_id, parent_order_id, channel, status, remark, create_time) VALUES
(1, 'JC20260601001', 2, 30, 3, '2026-06-01 14:00:00', '2026-06-03 12:00:00', '2026-06-03 11:30:00', 500.00, 1, 1256.00, 76.00, 1332.00, 0, NULL, NULL, 'front', 'checkedOut', '钻石会员李娜，商务出差', '2026-06-01 13:30:00'),
(2, 'JC20260602001', 1, 22, 3, '2026-06-02 15:00:00', '2026-06-04 12:00:00', '2026-06-04 12:15:00', 400.00, 1, 916.00, 136.00, 1052.00, 0, NULL, NULL, 'phone', 'checkedOut', '电话预约', '2026-06-02 10:00:00'),
(3, 'JC20260603001', 4, 12, 4, '2026-06-03 13:00:00', '2026-06-05 12:00:00', '2026-06-05 11:00:00', 300.00, 1, 656.00, 38.00, 694.00, 0, NULL, NULL, 'front', 'checkedOut', '银卡会员，含早餐', '2026-06-03 12:40:00'),
(4, 'JC20260604001', 6, 29, 3, '2026-06-04 18:00:00', '2026-06-09 12:00:00', '2026-06-09 13:00:00', 1000.00, 1, 3140.00, 266.00, 3406.00, 0, NULL, NULL, 'front', 'checkedOut', '长住5晚金卡客户', '2026-06-04 17:30:00'),
(5, 'JC20260605001', 8, 35, 4, '2026-06-05 16:00:00', '2026-06-07 12:00:00', '2026-06-07 11:00:00', 2000.00, 1, 1376.00, 264.00, 1640.00, 0, NULL, NULL, 'online', 'checkedOut', '钻石会员行政套房', '2026-06-05 10:00:00'),
(6, 'JC20260606001', 5, 5, 3, '2026-06-06 14:30:00', '2026-06-07 12:00:00', '2026-06-07 11:45:00', 200.00, 1, 328.00, 16.00, 344.00, 0, NULL, NULL, 'front', 'checkedOut', '旅游客', '2026-06-06 14:00:00'),
(7, 'JC20260607001', 10, 11, 4, '2026-06-07 19:00:00', '2026-06-10 12:00:00', '2026-06-10 12:30:00', 500.00, 1, 864.00, 152.00, 1016.00, 0, NULL, NULL, 'front', 'checkedOut', 'IT公司出差', '2026-06-07 18:30:00'),
(8, 'JC20260608001', 13, 27, 3, '2026-06-08 13:00:00', '2026-06-10 12:00:00', '2026-06-10 14:00:00', 800.00, 0, 976.00, 54.00, 1030.00, 0, NULL, NULL, 'front', 'checkedOut', '延迟退房加收半天', '2026-06-08 12:30:00'),
(9, 'JC20260609001', 14, 3, 5, '2026-06-09 20:00:00', '2026-06-10 12:00:00', '2026-06-10 10:00:00', 200.00, 1, 258.00, 38.00, 296.00, 0, NULL, NULL, 'front', 'checkedOut', '含早餐', '2026-06-09 19:40:00'),
(10, 'JC20260610001', 17, 37, 4, '2026-06-10 15:00:00', '2026-06-12 12:00:00', '2026-06-12 12:00:00', 3000.00, 1, 2376.00, 528.00, 2904.00, 0, NULL, NULL, 'phone', 'checkedOut', '钻石VIP总统套房', '2026-06-10 09:00:00'),
(11, 'JC20260612001', 18, 21, 3, '2026-06-12 17:00:00', '2026-06-14 12:00:00', '2026-06-14 11:20:00', 600.00, 1, 736.00, 0.00, 736.00, 0, NULL, NULL, 'front', 'checkedOut', '无烟房', '2026-06-12 16:30:00'),
(12, 'JC20260613001', 19, 24, 5, '2026-06-13 14:00:00', '2026-06-15 12:00:00', '2026-06-15 13:00:00', 800.00, 1, 996.00, 114.00, 1110.00, 0, NULL, NULL, 'front', 'checkedOut', '家庭房带孩子', '2026-06-13 13:30:00'),
(13, 'JC20260615001', 23, 33, 4, '2026-06-15 16:00:00', '2026-06-17 12:00:00', '2026-06-17 11:00:00', 700.00, 1, 936.00, 45.00, 981.00, 0, NULL, NULL, 'online', 'checkedOut', '金卡会员化妆镜', '2026-06-15 10:00:00'),
(14, 'JC20260616001', 26, 19, 3, '2026-06-16 12:00:00', '2026-06-19 12:00:00', '2026-06-19 12:00:00', 800.00, 1, 924.00, 152.00, 1076.00, 1, 18, NULL, 'front', 'checkedOut', '协议客换房一次', '2026-06-16 11:30:00'),
(15, 'JC20260618001', 28, 34, 4, '2026-06-18 15:00:00', '2026-06-20 12:00:00', '2026-06-20 11:30:00', 800.00, 1, 1036.00, 24.00, 1060.00, 0, NULL, NULL, 'front', 'checkedOut', '朝南高楼层', '2026-06-18 14:30:00'),
(16, 'JC20260620001', 7, 9, 5, '2026-06-20 18:00:00', '2026-06-21 12:00:00', '2026-06-21 13:00:00', 200.00, 1, 198.00, 0.00, 198.00, 0, NULL, NULL, 'front', 'checkedOut', '安静房间', '2026-06-20 17:40:00'),
(17, 'JC20260621001', 11, 1, 3, '2026-06-21 21:00:00', '2026-06-22 12:00:00', '2026-06-22 10:00:00', 200.00, 1, 188.00, 13.00, 201.00, 0, NULL, NULL, 'online', 'checkedOut', '旅游度假', '2026-06-21 15:00:00'),
(18, 'JC20260623001', 1, 26, 4, '2026-06-23 13:00:00', '2026-06-25 12:00:00', '2026-06-25 12:00:00', 500.00, 1, 756.00, 96.00, 852.00, 0, NULL, NULL, 'front', 'checkedOut', '张伟商务出差', '2026-06-23 12:40:00'),
(19, 'JC20260625001', 30, 37, 3, '2026-06-25 14:00:00', '2026-06-27 12:00:00', '2026-06-27 11:00:00', 3000.00, 1, 2376.00, 176.00, 2552.00, 0, NULL, NULL, 'phone', 'checkedOut', '田总总统套房', '2026-06-25 09:00:00'),
(20, 'JC20260627001', 8, 30, 5, '2026-06-27 16:00:00', '2026-06-29 12:00:00', '2026-06-29 12:00:00', 1500.00, 1, 1256.00, 188.00, 1444.00, 0, NULL, NULL, 'front', 'checkedOut', '周杰套房', '2026-06-27 15:30:00'),
(21, 'JC20260628001', 22, 7, 4, '2026-06-28 10:00:00', '2026-06-28 16:00:00', '2026-06-28 15:50:00', 100.00, 1, 128.00, 0.00, 128.00, 0, NULL, NULL, 'front', 'checkedOut', '钟点房6小时', '2026-06-28 09:50:00'),
(22, 'JC20260629001', 6, 27, 3, '2026-06-29 13:00:00', '2026-07-02 12:00:00', '2026-07-02 14:00:00', 1000.00, 1, 1764.00, 228.00, 1992.00, 0, NULL, NULL, 'front', 'checkedOut', '赵磊长住3晚', '2026-06-29 12:30:00'),
(23, 'JC20260701001', 13, 15, 4, '2026-07-01 14:00:00', '2026-07-03 12:00:00', '2026-07-03 11:30:00', 600.00, 1, 856.00, 53.00, 909.00, 0, NULL, NULL, 'front', 'checkedOut', '朱婷入住', '2026-07-01 13:30:00'),
(24, 'JC20260702001', 4, 3, 5, '2026-07-02 19:00:00', '2026-07-04 12:00:00', '2026-07-04 10:30:00', 300.00, 1, 536.00, 0.00, 536.00, 0, NULL, NULL, 'front', 'checkedOut', '刘洋银卡', '2026-07-02 18:40:00'),
(25, 'JC20260703001', 17, 35, 3, '2026-07-03 15:00:00', '2026-07-05 12:00:00', '2026-07-05 12:00:00', 1500.00, 1, 1376.00, 380.00, 1756.00, 0, NULL, NULL, 'online', 'checkedOut', '何红行政套房', '2026-07-03 10:00:00'),
(26, 'JC20260704001', 26, 10, 4, '2026-07-04 17:00:00', '2026-07-06 12:00:00', '2026-07-06 11:00:00', 500.00, 1, 576.00, 76.00, 652.00, 0, NULL, NULL, 'front', 'checkedOut', '曹鑫协议客', '2026-07-04 16:40:00'),
(27, 'JC20260705001', 1, 20, 3, '2026-07-05 12:00:00', '2026-07-06 12:00:00', '2026-07-06 14:00:00', 400.00, 0, 368.00, 10.00, 378.00, 0, NULL, NULL, 'front', 'checkedOut', '张伟续住一天', '2026-07-05 11:30:00'),
(28, 'JC20260706001', 30, 39, 5, '2026-07-06 16:00:00', '2026-07-07 12:00:00', '2026-07-07 11:00:00', 800.00, 1, 518.00, 120.00, 638.00, 0, NULL, NULL, 'front', 'checkedOut', '田力豪华大床', '2026-07-06 15:30:00'),
(29, 'JC20260707001', 23, 23, 4, '2026-07-07 14:00:00', '2026-07-08 12:00:00', '2026-07-08 12:00:00', 500.00, 1, 458.00, 0.00, 458.00, 0, NULL, NULL, 'front', 'checkedOut', '韩梅一晚', '2026-07-07 13:30:00'),
(30, 'JC20260708001', 2, 10, 3, '2026-07-08 10:00:00', '2026-07-09 12:00:00', '2026-07-09 10:00:00', 400.00, 1, 288.00, 38.00, 326.00, 0, NULL, NULL, 'front', 'checkedOut', '李娜临时入住', '2026-07-08 09:30:00');

-- 当前在住订单 (checkedIn, 10条)
INSERT INTO t_order (id, order_no, customer_id, room_id, user_id, check_in_time, expected_check_out_time, actual_check_out_time, deposit, deposit_refunded, room_amount, extra_amount, total_amount, room_changed, original_room_id, parent_order_id, channel, status, remark, create_time) VALUES
(31, 'JC20260709001', 6, 2, 3, '2026-07-09 14:00:00', '2026-07-12 12:00:00', NULL, 500.00, 0, 564.00, 0.00, 564.00, 0, NULL, NULL, 'front', 'checkedIn', '赵磊长住3晚', '2026-07-09 13:30:00'),
(32, 'JC20260710001', 8, 15, 4, '2026-07-10 15:00:00', '2026-07-13 12:00:00', NULL, 1000.00, 0, 1284.00, 88.00, 1372.00, 0, NULL, NULL, 'online', 'checkedIn', '周杰豪华大床含早', '2026-07-10 10:00:00'),
(33, 'JC20260710002', 17, 30, 3, '2026-07-10 16:00:00', '2026-07-15 12:00:00', NULL, 2000.00, 0, 3140.00, 228.00, 3368.00, 0, NULL, NULL, 'phone', 'checkedIn', '何红行政套房长住', '2026-07-10 14:00:00'),
(34, 'JC20260710003', 2, 34, 5, '2026-07-10 18:00:00', '2026-07-12 12:00:00', NULL, 1000.00, 0, 1036.00, 50.00, 1086.00, 0, NULL, NULL, 'front', 'checkedIn', '李娜豪华大床', '2026-07-10 17:30:00'),
(35, 'JC20260708002', 26, 10, 4, '2026-07-08 12:00:00', '2026-07-11 12:00:00', NULL, 500.00, 0, 864.00, 76.00, 940.00, 0, NULL, NULL, 'front', 'checkedIn', '曹鑫协议客续住', '2026-07-08 11:30:00'),
(36, 'JC20260709002', 1, 23, 3, '2026-07-09 17:00:00', '2026-07-11 12:00:00', NULL, 800.00, 0, 916.00, 15.00, 931.00, 0, NULL, NULL, 'front', 'checkedIn', '张伟商务出差', '2026-07-09 16:30:00'),
(37, 'JC20260710004', 13, 26, 4, '2026-07-10 13:00:00', '2026-07-12 12:00:00', NULL, 600.00, 0, 776.00, 0.00, 776.00, 0, NULL, NULL, 'front', 'checkedIn', '朱婷入住', '2026-07-10 12:40:00'),
(38, 'JC20260709003', 14, 18, 5, '2026-07-09 20:00:00', '2026-07-11 12:00:00', NULL, 300.00, 0, 616.00, 38.00, 654.00, 0, NULL, NULL, 'front', 'checkedIn', '胡军含早餐', '2026-07-09 19:40:00'),
(39, 'JC20260710005', 28, 22, 3, '2026-07-10 11:00:00', '2026-07-13 12:00:00', NULL, 800.00, 0, 1374.00, 0.00, 1374.00, 0, NULL, NULL, 'online', 'checkedIn', '曾勇朝南高楼层', '2026-07-10 09:00:00'),
(40, 'JC20260711001', 18, 1, 4, '2026-07-11 10:00:00', '2026-07-12 12:00:00', NULL, 200.00, 0, 188.00, 0.00, 188.00, 0, NULL, NULL, 'front', 'checkedIn', '高峰经济单人间', '2026-07-11 09:30:00');

-- 待入住预约订单 (pending, 7条，今天及未来)
INSERT INTO t_order (id, order_no, customer_id, room_id, user_id, check_in_time, expected_check_out_time, actual_check_out_time, deposit, deposit_refunded, room_amount, extra_amount, total_amount, room_changed, original_room_id, parent_order_id, channel, status, remark, create_time) VALUES
(41, 'JC20260712001', 3, 1, 3, '2026-07-12 14:00:00', '2026-07-13 12:00:00', NULL, 0.00, 0, 188.00, 0.00, 188.00, 0, NULL, NULL, 'online', 'pending', '王强预约明天入住', '2026-07-10 16:00:00'),
(42, 'JC20260713001', 5, 3, 4, '2026-07-13 15:00:00', '2026-07-15 12:00:00', NULL, 0.00, 0, 536.00, 0.00, 536.00, 0, NULL, NULL, 'phone', 'pending', '陈静预约双床房', '2026-07-11 10:00:00'),
(43, 'JC20260714001', 7, 9, 5, '2026-07-14 18:00:00', '2026-07-15 12:00:00', NULL, 0.00, 0, 198.00, 0.00, 198.00, 0, NULL, NULL, 'online', 'pending', '孙丽预约安静房间', '2026-07-10 20:00:00'),
(44, 'JC20260715001', 19, 24, 3, '2026-07-15 14:00:00', '2026-07-18 12:00:00', NULL, 0.00, 0, 1494.00, 0.00, 1494.00, 0, NULL, NULL, 'front', 'pending', '罗琳预约家庭房', '2026-07-11 11:00:00'),
(45, 'JC20260720001', 21, 5, 4, '2026-07-20 15:00:00', '2026-07-21 12:00:00', NULL, 0.00, 0, 328.00, 0.00, 328.00, 0, NULL, NULL, 'online', 'pending', '宋雪预约情人节(补过)', '2026-07-09 15:00:00'),
(46, 'JC20260718001', 22, 8, 3, '2026-07-18 10:00:00', '2026-07-18 16:00:00', NULL, 0.00, 0, 128.00, 0.00, 128.00, 0, NULL, NULL, 'front', 'pending', '谢刚预约钟点房', '2026-07-11 09:00:00'),
(47, 'JC20260725001', 27, 11, 5, '2026-07-25 14:00:00', '2026-07-27 12:00:00', NULL, 0.00, 0, 616.00, 0.00, 616.00, 0, NULL, NULL, 'online', 'pending', '彭霞预约出差', '2026-07-10 14:00:00');

-- 已取消订单 (cancelled, 3条)
INSERT INTO t_order (id, order_no, customer_id, room_id, user_id, check_in_time, expected_check_out_time, actual_check_out_time, deposit, deposit_refunded, room_amount, extra_amount, total_amount, room_changed, original_room_id, parent_order_id, channel, status, remark, create_time) VALUES
(48, 'JC20260706002', 12, 1, 3, '2026-07-06 14:00:00', '2026-07-07 12:00:00', NULL, 0.00, 0, 188.00, 0.00, 188.00, 0, NULL, NULL, 'online', 'cancelled', '客户行程变更取消', '2026-07-05 10:00:00'),
(49, 'JC20260708003', 24, 9, 4, '2026-07-09 15:00:00', '2026-07-10 12:00:00', NULL, 0.00, 0, 198.00, 0.00, 198.00, 0, NULL, NULL, 'front', 'cancelled', '重复预订取消', '2026-07-08 11:00:00'),
(50, 'JC20260709004', 25, 12, 5, '2026-07-10 13:00:00', '2026-07-11 12:00:00', NULL, 0.00, 0, 348.00, 0.00, 348.00, 0, NULL, NULL, 'online', 'cancelled', '考试取消，订单作废', '2026-07-08 16:00:00');

-- =============================================
-- 7. 支付记录 t_payment (35条)
-- =============================================
INSERT INTO t_payment (id, order_id, order_no, payment_method, amount, type, remark, operator_id, create_time) VALUES
-- 已退房订单的房费支付+押金
(1, 1, 'JC20260601001', 'wechat', 500.00, 'deposit', '入住押金', 3, '2026-06-01 14:00:00'),
(2, 1, 'JC20260601001', 'wechat', 832.00, 'pay', '房费结算补款', 3, '2026-06-03 11:30:00'),
(3, 2, 'JC20260602001', 'alipay', 400.00, 'deposit', '入住押金', 3, '2026-06-02 15:00:00'),
(4, 2, 'JC20260602001', 'alipay', 652.00, 'pay', '房费结算', 3, '2026-06-04 12:15:00'),
(5, 3, 'JC20260603001', 'cash', 300.00, 'deposit', '押金现金', 4, '2026-06-03 13:00:00'),
(6, 3, 'JC20260603001', 'cash', 394.00, 'pay', '现金结算', 4, '2026-06-05 11:00:00'),
(7, 4, 'JC20260604001', 'bank_card', 1000.00, 'deposit', '刷卡押金', 3, '2026-06-04 18:00:00'),
(8, 4, 'JC20260604001', 'bank_card', 2406.00, 'pay', '刷卡房费', 3, '2026-06-09 13:00:00'),
(9, 5, 'JC20260605001', 'wechat', 2000.00, 'deposit', '微信押金', 4, '2026-06-05 16:00:00'),
(10, 6, 'JC20260606001', 'cash', 200.00, 'deposit', '现金押金', 3, '2026-06-06 14:30:00'),
(11, 7, 'JC20260607001', 'alipay', 500.00, 'deposit', '支付宝押金', 4, '2026-06-07 19:00:00'),
(12, 8, 'JC20260608001', 'wechat', 800.00, 'deposit', '微信押金', 3, '2026-06-08 13:00:00'),
(13, 8, 'JC20260608001', 'cash', 230.00, 'pay', '延迟退房加收', 3, '2026-06-10 14:00:00'),
(14, 10, 'JC20260610001', 'bank_card', 3000.00, 'deposit', 'VIP押金', 4, '2026-06-10 15:00:00'),
(15, 12, 'JC20260613001', 'cash', 800.00, 'deposit', '现金押金', 5, '2026-06-13 14:00:00'),
(16, 14, 'JC20260616001', 'wechat', 800.00, 'deposit', '微信押金', 3, '2026-06-16 12:00:00'),
(17, 17, 'JC20260621001', 'alipay', 200.00, 'deposit', '在线支付押金', 3, '2026-06-21 21:00:00'),
(18, 19, 'JC20260625001', 'bank_card', 3000.00, 'deposit', '总统套房押金', 3, '2026-06-25 14:00:00'),
(19, 22, 'JC20260629001', 'wechat', 1000.00, 'deposit', '微信押金', 3, '2026-06-29 13:00:00'),
(20, 25, 'JC20260703001', 'alipay', 1500.00, 'deposit', '支付宝押金', 3, '2026-07-03 15:00:00'),
(21, 28, 'JC20260706001', 'cash', 800.00, 'deposit', '现金押金', 5, '2026-07-06 16:00:00'),
(22, 30, 'JC20260708001', 'wechat', 400.00, 'deposit', '李娜押金', 3, '2026-07-08 10:00:00'),
-- 当前在住订单的押金
(23, 31, 'JC20260709001', 'cash', 500.00, 'deposit', '赵磊押金', 3, '2026-07-09 14:00:00'),
(24, 32, 'JC20260710001', 'wechat', 1000.00, 'deposit', '周杰押金', 4, '2026-07-10 15:00:00'),
(25, 33, 'JC20260710002', 'bank_card', 2000.00, 'deposit', '何红VIP押金', 3, '2026-07-10 16:00:00'),
(26, 34, 'JC20260710003', 'alipay', 1000.00, 'deposit', '李娜押金', 5, '2026-07-10 18:00:00'),
(27, 35, 'JC20260708002', 'wechat', 500.00, 'deposit', '曹鑫押金', 4, '2026-07-08 12:00:00'),
(28, 36, 'JC20260709002', 'alipay', 800.00, 'deposit', '张伟押金', 3, '2026-07-09 17:00:00'),
(29, 37, 'JC20260710004', 'cash', 600.00, 'deposit', '朱婷押金', 4, '2026-07-10 13:00:00'),
(30, 38, 'JC20260709003', 'wechat', 300.00, 'deposit', '胡军押金', 5, '2026-07-09 20:00:00'),
(31, 39, 'JC20260710005', 'alipay', 800.00, 'deposit', '曾勇押金', 3, '2026-07-10 11:00:00'),
(32, 40, 'JC20260711001', 'cash', 200.00, 'deposit', '高峰押金', 4, '2026-07-11 10:00:00'),
-- 退款记录
(33, 1, 'JC20260601001', 'wechat', 500.00, 'deposit_refund', '押金退还', 3, '2026-06-03 11:35:00'),
(34, 2, 'JC20260602001', 'alipay', 400.00, 'deposit_refund', '押金退还', 3, '2026-06-04 12:20:00'),
(35, 5, 'JC20260605001', 'wechat', 2000.00, 'deposit_refund', '押金退还VIP', 4, '2026-06-07 11:10:00');

-- =============================================
-- 8. 附加消费明细 t_order_item (30条)
-- =============================================
INSERT INTO t_order_item (id, order_id, order_no, item_name, category, price, quantity, amount, remark, operator_id, create_time) VALUES
(1, 1, 'JC20260601001', '农夫山泉', 'mini_bar', 5.00, 2, 10.00, '', 3, '2026-06-02 09:00:00'),
(2, 1, 'JC20260601001', '可口可乐', 'mini_bar', 8.00, 2, 16.00, '', 3, '2026-06-02 15:00:00'),
(3, 1, 'JC20260601001', '自助早餐', 'food', 38.00, 1, 38.00, '含早', 3, '2026-06-02 08:00:00'),
(4, 1, 'JC20260601001', '自助早餐', 'food', 38.00, 1, 38.00, '', 3, '2026-06-03 08:00:00'),
(5, 2, 'JC20260602001', '红牛', 'mini_bar', 12.00, 2, 24.00, '', 3, '2026-06-03 10:00:00'),
(6, 2, 'JC20260602001', '康师傅方便面', 'mini_bar', 10.00, 2, 20.00, '夜宵', 3, '2026-06-03 23:00:00'),
(7, 2, 'JC20260602001', '洗衣-衬衫', 'laundry', 20.00, 2, 40.00, '商务洗衣', 3, '2026-06-03 14:00:00'),
(8, 2, 'JC20260602001', '自助早餐', 'food', 38.00, 1, 38.00, '', 3, '2026-06-03 08:00:00'),
(9, 3, 'JC20260603001', '自助早餐', 'food', 38.00, 1, 38.00, '', 4, '2026-06-04 08:00:00'),
(10, 4, 'JC20260604001', '自助早餐', 'food', 38.00, 5, 190.00, '5天早餐', 3, '2026-06-05 08:00:00'),
(11, 4, 'JC20260604001', '百威啤酒', 'mini_bar', 18.00, 2, 36.00, '迷你吧', 3, '2026-06-06 20:00:00'),
(12, 4, 'JC20260604001', '洗衣-T恤', 'laundry', 15.00, 2, 30.00, '', 3, '2026-06-07 14:00:00'),
(13, 5, 'JC20260605001', '青岛啤酒', 'mini_bar', 15.00, 4, 60.00, '', 4, '2026-06-05 22:00:00'),
(14, 5, 'JC20260605001', '雀巢咖啡', 'mini_bar', 10.00, 4, 40.00, '', 4, '2026-06-06 09:00:00'),
(15, 5, 'JC20260605001', '自助晚餐', 'food', 88.00, 2, 176.00, '行政酒廊', 4, '2026-06-06 19:00:00'),
(16, 6, 'JC20260606001', '矿泉水', 'mini_bar', 5.00, 2, 10.00, '', 3, '2026-06-06 18:00:00'),
(17, 6, 'JC20260606001', '奥利奥饼干', 'mini_bar', 12.00, 1, 12.00, '', 3, '2026-06-06 20:00:00'),
(18, 7, 'JC20260607001', '德芙巧克力', 'mini_bar', 18.00, 2, 36.00, '', 4, '2026-06-08 16:00:00'),
(19, 7, 'JC20260607001', '商务午餐', 'food', 58.00, 2, 116.00, '', 4, '2026-06-08 12:00:00'),
(20, 8, 'JC20260608001', '雪碧', 'mini_bar', 8.00, 2, 16.00, '', 3, '2026-06-09 10:00:00'),
(21, 8, 'JC20260608001', '自助早餐', 'food', 38.00, 1, 38.00, '', 3, '2026-06-09 08:00:00'),
(22, 10, 'JC20260610001', '自助早餐', 'food', 38.00, 2, 76.00, '', 4, '2026-06-11 08:00:00'),
(23, 10, 'JC20260610001', '自助晚餐', 'food', 88.00, 2, 176.00, '', 4, '2026-06-11 19:00:00'),
(24, 10, 'JC20260610001', '迷你吧消费', 'mini_bar', 0.00, 1, 0.00, '免费赠饮', 4, '2026-06-10 16:00:00'),
(25, 10, 'JC20260610001', '康师傅方便面', 'mini_bar', 10.00, 2, 20.00, '', 4, '2026-06-11 23:00:00'),
(26, 12, 'JC20260613001', '洗衣-裤子', 'laundry', 25.00, 2, 50.00, '', 5, '2026-06-14 10:00:00'),
(27, 12, 'JC20260613001', '自助早餐', 'food', 38.00, 1, 38.00, '儿童早餐', 5, '2026-06-14 08:00:00'),
(28, 14, 'JC20260616001', '夜宵送餐', 'food', 45.00, 2, 90.00, '加班夜宵', 3, '2026-06-18 23:00:00'),
(29, 14, 'JC20260616001', '可乐', 'mini_bar', 8.00, 4, 32.00, '', 3, '2026-06-17 15:00:00'),
(30, 19, 'JC20260625001', '自助晚餐', 'food', 88.00, 2, 176.00, '总统套房用餐', 3, '2026-06-26 19:00:00'),
-- 当前在住订单的附加消费
(31, 32, 'JC20260710001', '自助早餐', 'food', 38.00, 1, 38.00, '', 4, '2026-07-11 08:00:00'),
(32, 32, 'JC20260710001', '可口可乐', 'mini_bar', 8.00, 2, 16.00, '', 4, '2026-07-10 20:00:00'),
(33, 33, 'JC20260710002', '康师傅方便面', 'mini_bar', 10.00, 2, 20.00, '', 3, '2026-07-10 23:00:00'),
(34, 33, 'JC20260710002', '红牛', 'mini_bar', 12.00, 4, 48.00, '', 3, '2026-07-11 10:00:00'),
(35, 33, 'JC20260710002', '自助早餐', 'food', 38.00, 2, 76.00, '', 3, '2026-07-11 08:00:00'),
(36, 33, 'JC20260710002', '青岛啤酒', 'mini_bar', 15.00, 4, 60.00, '', 3, '2026-07-10 22:00:00'),
(37, 34, 'JC20260710003', '矿泉水', 'mini_bar', 5.00, 2, 10.00, '', 5, '2026-07-10 20:00:00'),
(38, 35, 'JC20260708002', '自助早餐', 'food', 38.00, 2, 76.00, '', 4, '2026-07-09 08:00:00'),
(39, 36, 'JC20260709002', '矿泉水', 'mini_bar', 5.00, 3, 15.00, '', 3, '2026-07-10 09:00:00'),
(40, 38, 'JC20260709003', '自助早餐', 'food', 38.00, 1, 38.00, '', 5, '2026-07-10 08:00:00');

-- =============================================
-- 9. 换房记录 t_room_change_log (3条)
-- =============================================
INSERT INTO t_room_change_log (id, order_id, order_no, from_room_id, from_room_no, to_room_id, to_room_no, reason, price_diff, operator_id, operator_name, create_time) VALUES
(1, 14, 'JC20260616001', 18, '302', 19, '303', '客人反映302空调不够冷，换至303', 0.00, 3, '王小丽', '2026-06-16 15:00:00'),
(2, 14, 'JC20260616001', 19, '303', 19, '303', NULL, 0.00, 3, '王小丽', '2026-06-16 15:30:00'),
(3, 27, 'JC20260705001', 20, '304', 20, '304', NULL, 0.00, 3, '王小丽', '2026-07-05 13:00:00');

-- =============================================
-- 10. 清扫任务 t_cleaning_task (25条，覆盖各种状态)
-- =============================================
INSERT INTO t_cleaning_task (id, room_id, room_no, order_id, assignee_id, assignee_name, status, priority, remark, finish_time, inspect_time, create_time) VALUES
-- 已完成并查房通过的任务
(1, 30, '406', 1, 6, '赵保洁', 'inspected', 'normal', '退房清扫，已查房合格', '2026-06-03 13:00:00', '2026-06-03 14:00:00', '2026-06-03 11:35:00'),
(2, 22, '306', 2, 7, '孙阿姨', 'inspected', 'normal', '退房清扫', '2026-06-04 14:00:00', '2026-06-04 14:30:00', '2026-06-04 12:20:00'),
(3, 12, '204', 3, 8, '周大姐', 'inspected', 'normal', '正常退房清扫', '2026-06-05 13:00:00', '2026-06-05 13:30:00', '2026-06-05 11:10:00'),
(4, 29, '405', 4, 6, '赵保洁', 'inspected', 'high', 'VIP退房，重点清洁', '2026-06-09 15:00:00', '2026-06-09 16:00:00', '2026-06-09 13:10:00'),
(5, 35, '503', 5, 9, '吴阿姨', 'inspected', 'high', '行政套房退房', '2026-06-07 13:00:00', '2026-06-07 14:00:00', '2026-06-07 11:20:00'),
(6, 5, '105', 6, 7, '孙阿姨', 'inspected', 'low', '短住退房', '2026-06-07 13:30:00', '2026-06-07 14:00:00', '2026-06-07 11:50:00'),
(7, 11, '203', 7, 8, '周大姐', 'inspected', 'normal', '', '2026-06-10 14:00:00', '2026-06-10 14:30:00', '2026-06-10 12:40:00'),
(8, 27, '403', 8, 6, '赵保洁', 'inspected', 'normal', '延迟退房清扫', '2026-06-10 15:30:00', '2026-06-10 16:00:00', '2026-06-10 14:10:00'),
(9, 3, '103', 9, 9, '吴阿姨', 'inspected', 'low', '', '2026-06-10 12:00:00', '2026-06-10 12:30:00', '2026-06-10 10:20:00'),
(10, 37, '505', 10, 6, '赵保洁', 'inspected', 'urgent', '总统套房彻底清洁', '2026-06-12 15:00:00', '2026-06-12 17:00:00', '2026-06-12 12:10:00'),
-- 已清扫完成待查房
(11, 21, '305', 11, 7, '孙阿姨', 'done', 'normal', '无烟房清扫完成，待查房', '2026-06-14 13:00:00', NULL, '2026-06-14 11:30:00'),
(12, 24, '308', 12, 8, '周大姐', 'done', 'normal', '家庭房清扫完成', '2026-06-15 14:30:00', NULL, '2026-06-15 13:10:00'),
(13, 33, '501', 13, 6, '赵保洁', 'done', 'normal', '退房清扫完毕', '2026-06-17 13:00:00', NULL, '2026-06-17 11:20:00'),
(14, 19, '303', 14, 7, '孙阿姨', 'done', 'normal', '换房后清扫', '2026-06-19 14:00:00', NULL, '2026-06-19 12:20:00'),
(15, 34, '502', 15, 9, '吴阿姨', 'done', 'high', '高楼层清扫', '2026-06-20 13:00:00', NULL, '2026-06-20 11:40:00'),
(16, 9, '201', 16, 8, '周大姐', 'done', 'low', '', '2026-06-21 14:30:00', NULL, '2026-06-21 13:10:00'),
(17, 1, '101', 17, 6, '赵保洁', 'done', 'low', '', '2026-06-22 12:00:00', NULL, '2026-06-22 10:10:00'),
(18, 26, '402', 18, 7, '孙阿姨', 'done', 'normal', '', '2026-06-25 14:00:00', NULL, '2026-06-25 12:20:00'),
(19, 37, '505', 19, 6, '赵保洁', 'done', 'urgent', '总统套房', '2026-06-27 14:00:00', NULL, '2026-06-27 11:20:00'),
(20, 30, '406', 20, 8, '周大姐', 'cleaning', 'normal', '正在清扫中', NULL, NULL, '2026-06-29 12:20:00'),
-- 已分配待清扫
(21, 7, '107', 21, 9, '吴阿姨', 'assigned', 'low', '钟点房清扫', NULL, NULL, '2026-06-28 16:00:00'),
(22, 15, '207', 23, 7, '孙阿姨', 'assigned', 'normal', '准备清扫', NULL, NULL, '2026-07-03 12:00:00'),
(23, 3, '103', 24, 9, '吴阿姨', 'assigned', 'normal', '已分配', NULL, NULL, '2026-07-04 11:00:00'),
(24, 35, '503', 25, 6, '赵保洁', 'assigned', 'high', '行政套房', NULL, NULL, '2026-07-05 12:20:00'),
(25, 30, '406', 30, 8, '周大姐', 'pending', 'normal', '今日退房，待分配', NULL, NULL, '2026-07-09 10:20:00'),
(26, 4, '104', NULL, NULL, NULL, 'pending', 'normal', '脏房，待分配清扫', NULL, NULL, '2026-07-10 08:00:00'),
(27, 20, '304', NULL, NULL, NULL, 'pending', 'normal', 'VIP退房待清扫', NULL, NULL, '2026-07-10 08:30:00'),
(28, 39, '507', NULL, NULL, NULL, 'pending', 'high', '豪华大床脏房', NULL, NULL, '2026-07-10 09:00:00');

-- =============================================
-- 11. 维修工单 t_maintenance_order (25条，覆盖各种状态)
-- =============================================
INSERT INTO t_maintenance_order (id, order_no, room_id, room_no, title, description, category, priority, reporter_id, reporter_name, assignee_id, assignee_name, status, solution, cost, finish_time, verify_time, create_time) VALUES
-- 已验收完成
(1, 'WX20260601001', 10, '202', '空调制冷效果差', '客人反映空调不够冷，出风温度偏高', 'electric', 'high', 3, '王小丽', 10, '郑工程', 'verified', '添加制冷剂，清洗滤网', 80.00, '2026-06-02 11:00:00', '2026-06-02 15:00:00', '2026-06-01 20:00:00'),
(2, 'WX20260605001', 18, '302', '卫生间水龙头漏水', '洗手台水龙头持续滴水', 'plumbing', 'normal', 4, '陈小红', 11, '王师傅', 'verified', '更换水龙头密封圈', 30.00, '2026-06-05 16:00:00', '2026-06-06 09:00:00', '2026-06-05 14:00:00'),
(3, 'WX20260608001', 26, '402', '电视机无信号', '开机后显示无信号，检查线路', 'electric', 'normal', 5, '刘小美', 12, '李工', 'verified', '重新连接HDMI线，信号恢复', 0.00, '2026-06-08 17:00:00', '2026-06-09 10:00:00', '2026-06-08 15:00:00'),
(4, 'WX20260610001', 13, '205', '空调维修', '空调完全不制冷', 'electric', 'urgent', 3, '王小丽', 10, '郑工程', 'verified', '更换压缩机启动电容', 200.00, '2026-06-10 18:00:00', '2026-06-11 09:00:00', '2026-06-10 10:00:00'),
(5, 'WX20260612001', 32, '408', '卫生间马桶堵塞', '马桶冲水不畅', 'plumbing', 'high', 4, '陈小红', 11, '王师傅', 'verified', '疏通管道，取出异物', 50.00, '2026-06-12 14:00:00', '2026-06-12 16:00:00', '2026-06-12 10:00:00'),
(6, 'WX20260615001', 5, '105', '灯泡不亮', '床头阅读灯损坏', 'electric', 'low', 5, '刘小美', 12, '李工', 'verified', '更换LED灯泡', 15.00, '2026-06-15 11:00:00', '2026-06-15 14:00:00', '2026-06-15 09:00:00'),
(7, 'WX20260618001', 38, '506', '地板保养', '木地板需要打蜡保养', 'facility', 'normal', 3, '王小丽', 10, '郑工程', 'verified', '地板清洁打蜡完成', 300.00, '2026-06-18 17:00:00', '2026-06-19 10:00:00', '2026-06-18 09:00:00'),
(8, 'WX20260620001', 17, '301', '窗帘轨道损坏', '窗帘拉不动，轨道变形', 'furniture', 'normal', 4, '陈小红', 11, '王师傅', 'verified', '更换窗帘轨道', 120.00, '2026-06-21 11:00:00', '2026-06-21 15:00:00', '2026-06-20 14:00:00'),
(9, 'WX20260625001', 37, '505', '浴缸下水慢', '总统套房浴缸排水不畅', 'plumbing', 'high', 5, '刘小美', 12, '李工', 'verified', '清理浴缸排水管毛发', 0.00, '2026-06-25 16:00:00', '2026-06-26 09:00:00', '2026-06-25 10:00:00'),
(10, 'WX20260628001', 9, '201', 'WiFi信号弱', '房间角落WiFi信号差', 'facility', 'low', 3, '王小丽', 10, '郑工程', 'verified', '增加WiFi中继器', 150.00, '2026-06-29 12:00:00', '2026-06-29 16:00:00', '2026-06-28 16:00:00'),
-- 已完成待验收
(11, 'WX20260701001', 19, '303', '衣柜门松动', '衣柜门铰链松动', 'furniture', 'normal', 4, '陈小红', 11, '王师傅', 'done', '已紧固铰链螺丝', 0.00, '2026-07-02 10:00:00', NULL, '2026-07-01 15:00:00'),
(12, 'WX20260703001', 6, '106', '淋浴喷头漏水', '淋浴间喷头接口漏水', 'plumbing', 'normal', 5, '刘小美', 12, '李工', 'done', '更换密封圈', 25.00, '2026-07-03 16:00:00', NULL, '2026-07-03 11:00:00'),
(13, 'WX20260705001', 25, '401', '空调异响', '空调运行时有异响', 'electric', 'normal', 3, '王小丽', 10, '郑工程', 'done', '清理风扇灰尘，异响消除', 50.00, '2026-07-05 17:00:00', NULL, '2026-07-05 10:00:00'),
-- 维修处理中
(14, 'WX20260708001', 10, '202', '空调维修', '空调不制冷已派单', 'electric', 'high', 4, '陈小红', 11, '王师傅', 'processing', NULL, 0.00, NULL, NULL, '2026-07-08 09:00:00'),
(15, 'WX20260709001', 22, '306', '网络端口故障', '办公桌网口无法上网', 'facility', 'normal', 5, '刘小美', 12, '李工', 'processing', NULL, 0.00, NULL, NULL, '2026-07-09 14:00:00'),
(16, 'WX20260709002', 27, '403', '窗户无法关闭', '窗户把手松动关不上', 'furniture', 'high', 3, '王小丽', 10, '郑工程', 'processing', NULL, 0.00, NULL, NULL, '2026-07-09 16:00:00'),
-- 已分配待维修
(17, 'WX20260710001', 40, '508', '卫生间排气扇坏', '排气扇不转', 'electric', 'normal', 4, '陈小红', 11, '王师傅', 'pending', NULL, 0.00, NULL, NULL, '2026-07-10 09:00:00'),
(18, 'WX20260710002', 12, '204', '门锁电池低', '门锁提示电量低', 'facility', 'low', 5, '刘小美', NULL, NULL, 'pending', NULL, 0.00, NULL, NULL, '2026-07-10 10:00:00'),
(19, 'WX20260710003', 21, '305', '烧水壶故障', '电热水壶不加热', 'electric', 'normal', 3, '王小丽', NULL, NULL, 'pending', NULL, 0.00, NULL, NULL, '2026-07-10 11:00:00'),
(20, 'WX20260710004', 2, '102', '电吹风故障', '电吹风不工作', 'electric', 'low', 4, '陈小红', NULL, NULL, 'pending', NULL, 0.00, NULL, NULL, '2026-07-10 08:30:00'),
-- 待分配
(21, 'WX20260711001', 14, '206', '卫生间毛巾架松动', '毛巾架晃动', 'furniture', 'low', 5, '刘小美', NULL, NULL, 'pending', NULL, 0.00, NULL, NULL, '2026-07-11 09:00:00'),
(22, 'WX20260711002', 29, '405', '沙发污渍', '行政套房沙发需要清洗', 'other', 'normal', 3, '王小丽', NULL, NULL, 'pending', NULL, 0.00, NULL, NULL, '2026-07-11 09:30:00'),
(23, 'WX20260711003', 23, '307', '迷你吧不制冷', '迷你吧冰箱不制冷', 'electric', 'high', 4, '陈小红', NULL, NULL, 'pending', NULL, 0.00, NULL, NULL, '2026-07-11 10:00:00'),
(24, 'WX20260711004', 34, '502', '电视遥控器失灵', '遥控器按键无反应', 'electric', 'low', 5, '刘小美', NULL, NULL, 'pending', NULL, 0.00, NULL, NULL, '2026-07-11 10:30:00'),
(25, 'WX20260711005', 3, '103', '墙纸脱落', '卫生间门口墙纸翘边', 'facility', 'normal', 3, '王小丽', NULL, NULL, 'pending', NULL, 0.00, NULL, NULL, '2026-07-11 11:00:00');

-- =============================================
-- 12. 发票记录 t_invoice (25条，覆盖各种状态)
-- =============================================
INSERT INTO t_invoice (id, invoice_no, order_id, order_no, customer_id, customer_name, title, tax_no, amount, type, status, content, remark, operator_id, operator_name, create_time, cancel_time) VALUES
-- 正常已开发票
(1, 'FP20260603001', 1, 'JC20260601001', 2, '李娜', '北京某某科技有限公司', '91110101MA01ABCDEF', 1332.00, 'special', 'issued', '住宿费', '增值税专用发票', 3, '王小丽', '2026-06-03 11:40:00', NULL),
(2, 'FP20260604001', 2, 'JC20260602001', 1, '张伟', '张伟', NULL, 1052.00, 'normal', 'issued', '住宿费', '个人发票', 3, '王小丽', '2026-06-04 12:30:00', NULL),
(3, 'FP20260605001', 3, 'JC20260603001', 4, '刘洋', '上海某某信息技术有限公司', '91310101MA02GHIJKL', 694.00, 'special', 'issued', '住宿费', '', 4, '陈小红', '2026-06-05 11:20:00', NULL),
(4, 'FP20260609001', 4, 'JC20260604001', 6, '赵磊', '深圳某某贸易有限公司', '91440300MA03MNOPQR', 3406.00, 'special', 'issued', '住宿费', '长住发票', 3, '王小丽', '2026-06-09 13:20:00', NULL),
(5, 'FP20260607001', 5, 'JC20260605001', 8, '周杰', '周杰', NULL, 1640.00, 'normal', 'issued', '住宿费', '个人', 4, '陈小红', '2026-06-07 11:30:00', NULL),
(6, 'FP20260607002', 6, 'JC20260606001', 5, '陈静', '陈静', NULL, 344.00, 'normal', 'issued', '住宿费', '', 3, '王小丽', '2026-06-07 12:00:00', NULL),
(7, 'FP20260610001', 7, 'JC20260607001', 10, '郑涛', '杭州某某网络科技公司', '91330101MA04STUVWX', 1016.00, 'special', 'issued', '住宿费', '', 4, '陈小红', '2026-06-10 12:40:00', NULL),
(8, 'FP20260610002', 8, 'JC20260608001', 13, '朱婷', '朱婷', NULL, 1030.00, 'normal', 'issued', '住宿费', '', 3, '王小丽', '2026-06-10 14:20:00', NULL),
(9, 'FP20260612001', 10, 'JC20260610001', 17, '何红', '广州某某集团有限公司', '91440101MA05YZABCD', 2904.00, 'special', 'issued', '住宿费', 'VIP发票', 4, '陈小红', '2026-06-12 12:20:00', NULL),
(10, 'FP20260614001', 11, 'JC20260612001', 18, '高峰', '高峰', NULL, 736.00, 'normal', 'issued', '住宿费', '', 3, '王小丽', '2026-06-14 11:40:00', NULL),
(11, 'FP20260615001', 12, 'JC20260613001', 19, '罗琳', '罗琳', NULL, 1110.00, 'normal', 'issued', '住宿费', '家庭出行', 5, '刘小美', '2026-06-15 13:20:00', NULL),
(12, 'FP20260617001', 13, 'JC20260615001', 23, '韩梅', '成都某某文化传播公司', '91510101MA06EFGHIJ', 981.00, 'special', 'issued', '住宿费', '', 4, '陈小红', '2026-06-17 11:30:00', NULL),
(13, 'FP20260619001', 14, 'JC20260616001', 26, '曹鑫', '某某科技有限公司', '91110108MA07JKLMNO', 1076.00, 'special', 'issued', '住宿费', '协议客户月结', 3, '王小丽', '2026-06-19 12:20:00', NULL),
(14, 'FP20260620001', 15, 'JC20260618001', 28, '曾勇', '曾勇', NULL, 1060.00, 'normal', 'issued', '住宿费', '', 4, '陈小红', '2026-06-20 11:50:00', NULL),
(15, 'FP20260621001', 16, 'JC20260620001', 7, '孙丽', '孙丽', NULL, 198.00, 'normal', 'issued', '住宿费', '', 5, '刘小美', '2026-06-21 13:20:00', NULL),
(16, 'FP20260622001', 17, 'JC20260621001', 11, '黄芳', '黄芳', NULL, 201.00, 'normal', 'issued', '住宿费', '', 3, '王小丽', '2026-06-22 10:20:00', NULL),
(17, 'FP20260625001', 18, 'JC20260623001', 1, '张伟', '北京某某科技有限公司', '91110101MA01ABCDEF', 852.00, 'special', 'issued', '住宿费', '补开', 4, '陈小红', '2026-06-25 12:20:00', NULL),
(18, 'FP20260627001', 19, 'JC20260625001', 30, '田力', '某某投资控股有限公司', '91110105MA08PQRSTU', 2552.00, 'special', 'issued', '住宿费', '总裁套房', 3, '王小丽', '2026-06-27 11:30:00', NULL),
-- 红冲发票
(19, 'FP20260628001', 21, 'JC20260628001', 22, '谢刚', '谢刚', NULL, 128.00, 'normal', 'red', '住宿费', '发票信息有误红冲', 4, '陈小红', '2026-06-28 16:10:00', '2026-06-28 17:00:00'),
-- 作废发票
(20, 'FP20260629001', 20, 'JC20260627001', 8, '周杰', '错误抬头', NULL, 1444.00, 'normal', 'cancelled', '住宿费', '抬头开错作废', 5, '刘小美', '2026-06-29 12:30:00', '2026-06-29 12:45:00'),
(21, 'FP20260702001', 22, 'JC20260629001', 6, '赵磊', '深圳某某贸易有限公司', '91440300MA03MNOPQR', 1992.00, 'special', 'issued', '住宿费', '长住发票', 3, '王小丽', '2026-07-02 14:20:00', NULL),
(22, 'FP20260703001', 23, 'JC20260701001', 13, '朱婷', '朱婷', NULL, 909.00, 'normal', 'issued', '住宿费', '', 4, '陈小红', '2026-07-03 11:50:00', NULL),
(23, 'FP20260704001', 24, 'JC20260702001', 4, '刘洋', '上海某某信息技术有限公司', '91310101MA02GHIJKL', 536.00, 'special', 'issued', '住宿费', '', 5, '刘小美', '2026-07-04 10:50:00', NULL),
(24, 'FP20260705001', 25, 'JC20260703001', 17, '何红', '广州某某集团有限公司', '91440101MA05YZABCD', 1756.00, 'special', 'issued', '住宿费', '行政套房', 3, '王小丽', '2026-07-05 12:20:00', NULL),
(25, 'FP20260706001', 26, 'JC20260704001', 26, '曹鑫', '某某科技有限公司', '91110108MA07JKLMNO', 652.00, 'special', 'issued', '住宿费', '协议客户', 4, '陈小红', '2026-07-06 11:20:00', NULL);

-- =============================================
-- 数据插入完成
-- 注意：t_operation_log 由系统AOP自动生成，无需手动插入
-- =============================================
SET FOREIGN_KEY_CHECKS = 1;
COMMIT;



