

SET NAMES utf8mb4;
SET FOREIGN_KEY_CHECKS = 0;


DELETE FROM t_order;
DELETE FROM t_room;
DELETE FROM t_room_type;
DELETE FROM t_customer;
DELETE FROM sys_user;


INSERT INTO sys_user (id, username, password, real_name, role, status) VALUES
(1, 'admin', 'e10adc3949ba59abbe56e057f20f883e', '系统管理员',   'admin', 1),
(2, 'front', 'e10adc3949ba59abbe56e057f20f883e', '前台小王', 'receptionist', 1),
(3, 'zhangwei', 'e10adc3949ba59abbe56e057f20f883e', '张伟', 'receptionist', 1),
(4, 'liuna', 'e10adc3949ba59abbe56e057f20f883e', '刘娜', 'receptionist', 1),
(5, 'wangfang', 'e10adc3949ba59abbe56e057f20f883e', '王芳', 'manager', 1),
(6, 'chenli', 'e10adc3949ba59abbe56e057f20f883e', '陈立', 'receptionist', 0),
(7, 'zhaoming', 'e10adc3949ba59abbe56e057f20f883e', '赵明', 'receptionist', 1),
(8, 'sunli', 'e10adc3949ba59abbe56e057f20f883e', '孙丽', 'receptionist', 0),
(9, 'zhouqiang', 'e10adc3949ba59abbe56e057f20f883e', '周强', 'receptionist', 1),
(10, 'wujing', 'e10adc3949ba59abbe56e057f20f883e', '吴静', 'manager', 1),
(11, 'zhengpeng', 'e10adc3949ba59abbe56e057f20f883e', '郑鹏', 'receptionist', 1),
(12, 'huanglei', 'e10adc3949ba59abbe56e057f20f883e', '黄磊', 'receptionist', 1);


INSERT INTO t_room_type (id, name, bed_type, capacity) VALUES
( 1, '经济单人间',     '单人床 1.2m',            1),
( 2, '标准双床房',     '单人床 1.2m × 2',        2),
( 3, '标准大床房',     '大床 1.5m',              2),
( 4, '豪华大床房',     '大床 1.8m',              2),
( 5, '豪华双床房',     '单人床 1.35m × 2',       2),
( 6, '商务套房',       '大床 1.8m + 客厅',       3),
( 7, '家庭房',         '大床 1.5m + 单人床 1.2m', 3),
( 8, '亲子主题房',     '大床 1.5m + 儿童床',      3),
( 9, '行政套房',       '大床 2.0m + 书房',        2),
(10, '总统套房',       '特大床 2.2m + 双客厅',     4);


INSERT INTO t_room (id, room_no, type_id, floor, price, status, remark) VALUES
-- 2F 经济型
( 1, '201', 1, 2, 188.00,  'idle',        NULL),
( 2, '202', 1, 2, 188.00,  'idle',        '靠近电梯'),
( 3, '203', 2, 2, 268.00,  'occupied',    NULL),
( 4, '204', 2, 2, 268.00,  'maintenance', '空调维修中'),
-- 3F 标准型
( 5, '301', 3, 3, 328.00,  'idle',        '窗景好'),
( 6, '302', 3, 3, 328.00,  'idle',        NULL),
( 7, '303', 2, 3, 288.00,  'occupied',    NULL),
( 8, '304', 4, 3, 388.00,  'idle',        '新装修'),
-- 5F 豪华型
( 9, '501', 4, 5, 388.00,  'idle',        NULL),
(10, '502', 4, 5, 428.00,  'occupied',    '高楼层视野开阔'),
(11, '503', 5, 5, 468.00,  'idle',        NULL),
(12, '504', 5, 5, 468.00,  'occupied',    NULL),
-- 6F 商务 & 家庭
(13, '601', 6, 6, 668.00,  'occupied',    '含早餐'),
(14, '602', 6, 6, 668.00,  'idle',        NULL),
(15, '603', 7, 6, 528.00,  'idle',        '适合家庭出行'),
(16, '604', 7, 6, 528.00,  'idle',        NULL),
-- 7F 主题 & 行政
(17, '701', 8, 7, 588.00,  'idle',        '海洋主题装饰'),
(18, '702', 8, 7, 588.00,  'idle',        '森林主题装饰'),
(19, '703', 9, 7, 888.00,  'idle',        NULL),
(20, '704', 9, 7, 888.00,  'idle',        'VIP专属楼层'),
-- 8F 总统套房
(21, '801', 10, 8, 1688.00, 'idle',       '全景落地窗'),
(22, '802', 10, 8, 1688.00, 'idle',       '配私人管家'),
(23, '803', 1,  8, 198.00,  'idle',       '特价推广房'),
(24, '804', 3,  8, 358.00,  'idle',       NULL);

INSERT INTO t_customer (id, name, phone, id_card, gender, vip_level, check_in_count, remark) VALUES
( 1, '张伟',   '13800001001', '230102199001011234', 'M', 0,  3,  NULL),
( 2, '李娜',   '13800001002', '230102199205151234', 'F', 1,  8,  '喜欢安静的房间'),
( 3, '王强',   '13800001003', '230102198812081234', 'M', 2, 15,  '商务出差常客'),
( 4, '刘洋',   '13800001004', '230102199503221234', 'F', 3, 28,  '钻石会员，优先安排高楼层'),
( 5, '赵敏',   '13800001005', '230102200008101234', 'F', 0,  1,  NULL),
( 6, '孙磊',   '13800001006', '230102198706181234', 'M', 1,  6,  NULL),
( 7, '周琳',   '13800001007', '230102199611251234', 'F', 3, 22,  '对枕头有要求'),
( 8, '吴昊',   '13800001008', '230102199304031234', 'M', 2, 12,  NULL),
( 9, '郑雪',   '13800001009', '230102199809171234', 'F', 1,  4,  NULL),
(10, '陈杰',   '13800001010', '230102198502281234', 'M', 0,  0,  '新客户'),
(11, '杨芳',   '13800001011', '230102199107121234', 'F', 2, 10,  NULL),
(12, '黄建国', '13800001012', '230102197901051234', 'M', 3, 35,  '长包房客户，需特别关注');


INSERT INTO t_order (id, order_no, customer_id, room_id, user_id,
    check_in_time, expected_check_out_time, actual_check_out_time,
    deposit, total_amount, status, remark) VALUES
( 1, 'ORD20260630140001',  1,  1, 1,
    '2026-06-30 14:00:00', '2026-07-02 12:00:00', '2026-07-02 11:00:00',
    400.00,   376.00, 'checkedOut', '周末短住，按时退房'),
( 2, 'ORD20260630100001',  3,  9, 2,
    '2026-06-30 10:00:00', '2026-07-03 12:00:00', '2026-07-03 10:30:00',
    1000.00, 1164.00, 'checkedOut', '商务出差，开具发票'),
( 3, 'ORD20260702140001',  5,  6, 1,
    '2026-07-02 14:00:00', '2026-07-04 12:00:00', '2026-07-04 11:45:00',
    600.00,   656.00, 'checkedOut', NULL),
( 4, 'ORD20260702150001',  9, 16, 2,
    '2026-07-02 15:00:00', '2026-07-04 12:00:00', '2026-07-04 09:00:00',
    1000.00, 1056.00, 'checkedOut', '家庭出游，提前退房'),
( 5, 'ORD20260702100001',  2, 23, 1,
    '2026-07-02 10:00:00', '2026-07-05 12:00:00', '2026-07-05 14:00:00',
    500.00,   594.00, 'checkedOut', '延迟退房2小时'),
( 6, 'ORD20260704140001',  8, 11, 2,
    '2026-07-04 14:00:00', '2026-07-06 12:00:00', '2026-07-06 10:30:00',
    800.00,   984.00, 'checkedOut', NULL),
( 7, 'ORD20260704160001', 11,  8, 1,
    '2026-07-04 16:00:00', '2026-07-06 12:00:00', '2026-07-06 12:00:00',
    800.00,   848.00, 'checkedOut', '准点退房'),
( 8, 'ORD20260705100001',  4, 14, 2,
    '2026-07-05 10:00:00', '2026-07-07 12:00:00', '2026-07-07 09:30:00',
    1500.00, 1976.00, 'checkedOut', '钻石会员，含迷你吧消费640元'),
-- 07-07: ¥988 (行政套房 1晚)
( 9, 'ORD20260706180001',  7, 20, 1,
    '2026-07-06 18:00:00', '2026-07-07 12:00:00', '2026-07-07 11:00:00',
    1000.00,  988.00, 'checkedOut', 'VIP专属楼层，一晚住宿'),
-- 07-08: ¥1688 (总统套房 1晚)
(10, 'ORD20260707140001', 12, 22, 2,
    '2026-07-07 14:00:00', '2026-07-08 12:00:00', '2026-07-08 10:00:00',
    2000.00, 1688.00, 'checkedOut', '长包房客户临时住宿一晚'),
-- ── 已取消 (cancelled) ──
(11, 'ORD20260702090001', 10,  2, 1,
    '2026-07-05 14:00:00', '2026-07-07 12:00:00', NULL,
    0.00, 0.00, 'cancelled', '客户行程变更取消'),
-- ── 在住 (checkedIn) ──
(12, 'ORD20260706140002',  2, 10, 2,
    '2026-07-06 14:00:00', '2026-07-09 12:00:00', NULL,
    800.00, 1284.00, 'checkedIn', '要求无烟楼层'),
(13, 'ORD20260707100002',  7, 13, 1,
    '2026-07-07 10:00:00', '2026-07-10 12:00:00', NULL,
    1500.00, 2004.00, 'checkedIn', '钻石会员，额外提供枕头菜单'),
(14, 'ORD20260708090001',  6,  3, 2,
    '2026-07-08 09:00:00', '2026-07-13 12:00:00', NULL,
    1000.00, 1640.00, 'checkedIn', '长住客人'),
(15, 'ORD20260708120001',  8, 12, 1,
    '2026-07-08 12:00:00', '2026-07-11 12:00:00', NULL,
    800.00, 1404.00, 'checkedIn', NULL),
(16, 'ORD20260708150001', 12,  7, 2,
    '2026-07-08 15:00:00', '2026-07-12 12:00:00', NULL,
    2000.00, 2672.00, 'checkedIn', '长包房客户，每周入住'),
-- ── 待入住 (pending) ──
(17, 'ORD20260708100001',  5, 17, 1,
    '2026-07-10 14:00:00', '2026-07-12 12:00:00', NULL,
    500.00, 1176.00, 'pending', '亲子主题房预订'),
(18, 'ORD20260708100002',  9, 15, 2,
    '2026-07-15 14:00:00', '2026-07-18 12:00:00', NULL,
    1000.00, 1584.00, 'pending', '家庭出游预订'),
(19, 'ORD20260708100003', 11, 19, 1,
    '2026-07-20 14:00:00', '2026-07-22 12:00:00', NULL,
    1500.00, 1776.00, 'pending', '行政套房商务预订');

SET FOREIGN_KEY_CHECKS = 1;

